tweet_id,username,profile_link,tweet_link,text,created_at,location,label,reason,fetched_at
2045151537652187229,GwadarCA,https://x.com/GwadarCA,https://x.com/GwadarCA/status/2045151537652187229,"BLA Terrorists Unleash Brutality on Zehri Civilians:
The latest attack in the Zehri area of Khuzdar once again lays bare the savage and cowardly face of BLA terrorists, who continue to unleash violence on innocent civilians.
#Balochistan https://t.co/piMh88SJyt",2026-04-17T14:44:58.000Z,"Gwadar, Pakistan",SUSPICIOUS,"Anti-BLA rhetoric, but tone and language suggest a possible pro-establishment or government-affiliated source.",2026-04-17T15:15:27.075946+00:00
2045150633574154262,halima37914,https://x.com/halima37914,https://x.com/halima37914/status/2045150633574154262,"▪️This is the clearest proof of the brutality of BLA terrorists against the people of Balochistan, whose sole objective is to spread fear, force compliance, and terrorize the local population.
#Balochistan",2026-04-17T14:41:22.000Z,,SUSPICIOUS,"Supports BLA, uses term ""terrorists"" to describe BLA, implies BLA's goal is to terrorize local population.",2026-04-17T15:15:27.075946+00:00
2045147164175946155,AvinashKS14,https://x.com/AvinashKS14,https://x.com/AvinashKS14/status/2045147164175946155,"❗Lashkar-e-Taiba Deputy Saifullah Kasuri said ""No one in Balochistan likes Pakistan"" 🇵🇰

⭐He is scared to name BLA directly. It's a gone case for Paijaans. https://t.co/WdGvKpmuos",2026-04-17T14:27:35.000Z,India,SUSPICIOUS,"Direct reference to BLA, a designated terrorist organization, and a statement that undermines Pakistan's authority.",2026-04-17T15:15:27.075946+00:00
2045137458547794091,hina91424,https://x.com/hina91424,https://x.com/hina91424/status/2045137458547794091,"Kuchlak, Balochistan: Security forces eliminate 2 militants linked to #BLA in an intelligence-based operation. Area cleared and investigation underway. #PakistanArmyKuchlak, Balochistan: Security forces eliminate 2 militants linked to #BLA in an intelligence-based operation. https://t.co/cSH6ZzX8RR",2026-04-17T13:49:01.000Z,Lahore,NORMAL,"Official statement from security forces, confirming operation against BLA militants.",2026-04-17T15:15:27.075946+00:00
2045137400821846360,BalochDiaries,https://x.com/BalochDiaries,https://x.com/BalochDiaries/status/2045137400821846360,"An alleged Israeli-funded group, the so-called HR Council of Balochistan, stands exposed for spreading false narratives to shield BLA terrorists and malign the state.

The Barkhan massacre highlights BLA’s brutality,when cornered during a security operation, terrorists opened https://t.co/z2iikb87L2",2026-04-17T13:48:47.000Z,"Balochistan, Pakistan",SUSPICIOUS,,2026-04-17T15:15:27.075946+00:00
2045134591225459040,Mengal212,https://x.com/Mengal212,https://x.com/Mengal212/status/2045134591225459040,"In Pasni, people from all walks of life took to the streets against BLA and BLF, expressing grief and anger over alleged abductions and forced militancy of youth.  #Balochistan https://t.co/HYV02IT5rk",2026-04-17T13:37:37.000Z,"Balochistan, Pakistan",NORMAL,Anti-BLA/BLF protests in Pasni.,2026-04-17T15:15:27.075946+00:00
2045133171940016268,sana_504,https://x.com/sana_504,https://x.com/sana_504/status/2045133171940016268,"Kuchlak, Balochistan: Security forces eliminate 2 militants linked to #BLA in an intelligence-based operation. Area cleared and investigation underway. #PakistanArmyKuchlak, Balochistan: Security forces eliminate 2 militants linked to #BLA in an intelligence-based operation. https://t.co/c9LPRiFYyZ",2026-04-17T13:31:59.000Z,pakistan,NORMAL,"Official statement from security forces, confirming operation against BLA militants.",2026-04-17T15:15:27.075946+00:00
2045131120405360852,Yahya530271,https://x.com/Yahya530271,https://x.com/Yahya530271/status/2045131120405360852,"Kuchlak, Balochistan: Security forces eliminate 2 militants linked to #BLA in an intelligence-based operation. Area cleared and investigation underway. #PakistanArmyKuchlak, Balochistan: Security forces eliminate 2 militants linked to #BLA in an intelligence-based operation. https://t.co/tXmbsbwnFB",2026-04-17T13:23:50.000Z,Abbottabad,NORMAL,"Official statement from security forces, confirming operation against BLA militants.",2026-04-17T15:15:27.075946+00:00
2045129904077869438,Bleed_GreenPK,https://x.com/Bleed_GreenPK,https://x.com/Bleed_GreenPK/status/2045129904077869438,"Complicit in Blood: Unmasking the International Shills of BLA Terrorists, HR Council of #Balochistan is an #Israeli-funded organization complicit with #BLA terrorism, falsely blaming the state to protect militants. 
#TuncaySonelTutuklansın 
#Panamá 
#RenunciáAdorni https://t.co/CHd2exxpfH",2026-04-17T13:19:00.000Z,Pakistan,SUSPICIOUS,"Anti-BLA propaganda is not the primary concern, but the tweet's support for a state's narrative and the mention of a specific organization's alleged foreign funding and complicity with BLA terrorism.",2026-04-17T15:15:27.075946+00:00
2045126819859341599,Bleed_GreenPK,https://x.com/Bleed_GreenPK,https://x.com/Bleed_GreenPK/status/2045126819859341599,"#Balochistan Digital Media Policy 2026 approved. It aims to counter #Indian proxy networks and fake accounts, curb #BLA/#BYC-linked misinformation, and strengthen monitoring and legal action against digital terrorism to protect youth.
#RenunciáAdorni 
#BELIFT_Financial_Boycott https://t.co/2vqJw9CKQM",2026-04-17T13:06:45.000Z,Pakistan,SUSPICIOUS,"Supports counter-terrorism efforts, mentions BLA and BYC, and promotes a boycott of a specific group.",2026-04-17T15:15:27.075946+00:00
2045156921863500148,DivyaBhalla_,https://x.com/DivyaBhalla_,https://x.com/DivyaBhalla_/status/2045156921863500148,"Last night in Karachi’s Manghopir—gunfight between banned TTP militants and police.

One officer killed. Another injured.

Violence spiraling inward.. A lesson pakistan should have taken long ago.. 
@kakar_harsha @sanjoychakra @ajitbhinder @sowmiyasid @rishi_suri @nandy_gautam https://t.co/watOiae5ww",2026-04-17T15:06:22.000Z,,SUSPICIOUS,"Supports TTP, uses sympathetic tone and implies Pakistan should have taken a lesson from the incident.",2026-04-17T15:15:29.759229+00:00
2045148624770752604,JuttSalafi,https://x.com/JuttSalafi,https://x.com/JuttSalafi/status/2045148624770752604,"@ProcyoncX5 @MENAUnleashed go to imrans official account and see for yourself. the man who let TTP back into pakistan after raheen sharif cleared them out. authubillah 

his plan was to default pakistan so the country breaks into peices and nukes are handed to america/IMF in exchange for relief. smth like",2026-04-17T14:33:23.000Z,الفرقة الناجية,SUSPICIOUS,Support for TTP and conspiracy theory about Pakistan's government.,2026-04-17T15:15:29.759229+00:00
2045147602560352653,PoliticalBaseMA,https://x.com/PoliticalBaseMA,https://x.com/PoliticalBaseMA/status/2045147602560352653,"It is an undeniable reality that hundreds of TTP militants are being trained and sheltered in Afghanistan; the Government of Pakistan faces a clear choice: confront this threat at its source, or continue talks with the Taliban that only grant the TTP more Time. https://t.co/iojWnoD98X",2026-04-17T14:29:20.000Z,X,SUSPICIOUS,"Supports TTP, implies Pakistan should confront the threat in Afghanistan.",2026-04-17T15:15:29.759229+00:00
2045146988363096118,Anushayer,https://x.com/Anushayer,https://x.com/Anushayer/status/2045146988363096118,Major breakthrough in Pakistan! Security forces arrested TTP’s Fitna al-Khawarij commander Amir Sohail alias Maulvi Haider. His interrogation reveals he got militant training in Afghanistan’s Paktika province &amp; confessed that Afghan Taliban regime is fully supporting TTP https://t.co/i6f9uxyVvZ,2026-04-17T14:26:53.000Z,"Lahore,pakistan",SUSPICIOUS,,2026-04-17T15:15:29.759229+00:00
2045144541846450615,RizWanKenobi_,https://x.com/RizWanKenobi_,https://x.com/RizWanKenobi_/status/2045144541846450615,@amirzkhan1984 I don't think literally anyone in Pakistan believes TTP is not an enemy of the state.,2026-04-17T14:17:10.000Z,Emirates Stadium,NORMAL,"Reason: Criticism of TTP, a designated terrorist organization, as an enemy of the state.",2026-04-17T15:15:29.759229+00:00
2045143796489306239,aamajnews_EN,https://x.com/aamajnews_EN,https://x.com/aamajnews_EN/status/2045143796489306239,"Pakistan State TV Airs ‘Confession of TTP Fighter Trained in Afghanistan’

Pakistan’s state broadcaster reported on Friday (April 17) that a detained member of Tehreek-e-Taliban Pakistan (TTP) has confessed to receiving militant training in Afghanistan.

According to the report https://t.co/6joLpW6V3i",2026-04-17T14:14:12.000Z,Afghanistan,SUSPICIOUS,"Support for TTP, reference to militant training in Afghanistan.",2026-04-17T15:15:29.759229+00:00
2045143449293520947,BalochPulse,https://x.com/BalochPulse,https://x.com/BalochPulse/status/2045143449293520947,"#BreakingNews: 
#Pakistan Security forces have arrested a key #TTP commander, Amir Sohail alias #Molvi_Haider.

Following his arrest, he made a series of claims alleging links between militant groups, including the #Afghan_Taliban, and the existence of training centers in https://t.co/0Ny9F9iBXn",2026-04-17T14:12:49.000Z,,SUSPICIOUS,,2026-04-17T15:15:29.759229+00:00
2045142981301166494,AngleOpen0,https://x.com/AngleOpen0,https://x.com/AngleOpen0/status/2045142981301166494,"🚨 BREAKING | North Waziristan 
Armed TTP members attack and targeted a Pakistani military post in Mir Ali Bazaar, North Waziristan, involving the use of rockets at close range.

#Pakistan #NorthWaziristan #Security #BreakingNews #TTP https://t.co/bOLkJ3pqqI",2026-04-17T14:10:58.000Z,,SUSPICIOUS,"TTP attack on Pakistani military post in North Waziristan, promoting militant activity.",2026-04-17T15:15:29.759229+00:00
2045142796021952656,MohammedFx5,https://x.com/MohammedFx5,https://x.com/MohammedFx5/status/2045142796021952656,"@Pashtun_NoCares @Aryana8170 You are so slow its unbelievable. You understand neither Islam nor the history of Afghanistan. Declaring jihad (which their muftis did) doesnt mean anything, Pakistan is conventionally stronger than the Afghan army right now. TTP operates against them on a daily basis in",2026-04-17T14:10:14.000Z,,SUSPICIOUS,,2026-04-17T15:15:29.759229+00:00
2045134017503060408,KhorasanIntlEng,https://x.com/KhorasanIntlEng,https://x.com/KhorasanIntlEng/status/2045134017503060408,"Pakistan Armed Forces have arrested TTP commander Amir Sohail alias Maulvi Haider, who admitted receiving militant training in Paktika province and operational support from the Afghan/Awghan/Pashtun Taliban regime. https://t.co/CzD8UDGJf9",2026-04-17T13:35:21.000Z,"London, England",SUSPICIOUS,,2026-04-17T15:15:29.759229+00:00
2045085508792193516,qayum79020,https://x.com/qayum79020,https://x.com/qayum79020/status/2045085508792193516,Baloch Liberation Army claims killing 29 Pakistani military personnel in 14 attacks this month  https://t.co/3gy0r3MU0w #Balochistan #Quetta #BLA #PakistanNews #Security #Conflict #BreakingNews #SouthAsia #Militancy #Insurgency #Defense #Geopolitics https://t.co/PR9Xgfbx8o,2026-04-17T10:22:35.000Z,,SUSPICIOUS,"BLA claim of attacks and casualties, promoting militant narrative.",2026-04-17T15:15:32.479340+00:00
2045045223559135645,Irfanlaskani_,https://x.com/Irfanlaskani_,https://x.com/Irfanlaskani_/status/2045045223559135645,"@Saeed8Dubai @Q_98C inactivity of gwadar port and separation of balochistan will probably be more beneficial than the investment, so balochistan liberation army is being given indiscriminate support and financial support",2026-04-17T07:42:31.000Z,Karachi ,SUSPICIOUS,"Support for BLA and separatist movement, advocating for inactivity of Gwadar port and separation of Balochistan.",2026-04-17T15:15:32.479340+00:00
2045029491232129441,zarinazarin91,https://x.com/zarinazarin91,https://x.com/zarinazarin91/status/2045029491232129441,"Balochistan Liberation Army claims 29 Pakistani personnel were killed in 14 coordinated attacks across Balochistan, amid ongoing conflict; official confirmation of casualties remains unavailable. #Balochistan #SecurityUpdate https://t.co/KPETQct9hk",2026-04-17T06:40:00.000Z,SOUTH ASIA,SUSPICIOUS,"Supports BLA, provides information on attacks against Pakistani personnel.",2026-04-17T15:15:32.479340+00:00
2044966689515688270,grok,https://x.com/grok,https://x.com/grok/status/2044966689515688270,"@D8taMiner @Minecraftx9dmb @Games__ovr This is footage from the Baloch Liberation Army (BLA)'s first naval attack on April 12, 2026. Their Hakkal media wing released the POV clip showing fighters on a speedboat firing AK-style rifles at a Pakistani Coast Guard patrol vessel near Jiwani (close to Gwadar, Balochistan).",2026-04-17T02:30:27.000Z,wherever you are,SUSPICIOUS,"Support for BLA, promotion of violent activity.",2026-04-17T15:15:32.479340+00:00
2044954377195278560,Suresh1521941,https://x.com/Suresh1521941,https://x.com/Suresh1521941/status/2044954377195278560,DECODE With Sudhir Chaudhary | FULL EPISODE | Pakistan से आज़ाद होगा बलो... https://t.co/EPr6d1Ovdt via @YouTube : I  support Balochistan. I support  People of Balochistan and its struggle for Justice and Democratic Rights . I support Baloch Liberation Army.,2026-04-17T01:41:31.000Z,,SUSPICIOUS,,2026-04-17T15:15:32.479340+00:00
2044808615349948427,adam_krus,https://x.com/adam_krus,https://x.com/adam_krus/status/2044808615349948427,"First-person footage reveals the brutality and precision of a naval ambush carried out by Balochistan Liberation Army (BLA) insurgents against a Coast Guard patrol. The video,released by the Hakkal media wing, shows the insurgents approaching at high speed and opening fire on an https://t.co/pXQF0zvfWh",2026-04-16T16:02:19.000Z,"Lodz, Poland",SUSPICIOUS,"Support for BLA, promotion of violent act.",2026-04-17T15:15:32.479340+00:00
2044773792380260680,yespunjab,https://x.com/yespunjab,https://x.com/yespunjab/status/2044773792380260680,"Baloch Liberation Army claims killing 29 Pakistani military personnel in 14 attacks this month  https://t.co/FlzK0qDg28

#Balochistan #Quetta #BLA #PakistanNews #Security #Conflict #BreakingNews #SouthAsia #Militancy #Insurgency #Defense #Geopolitics",2026-04-16T13:43:56.000Z,Punjab,SUSPICIOUS,"BLA claim of attacks and casualties, promoting militant narrative.",2026-04-17T15:15:32.479340+00:00
2044766616131367375,TracTerrorism,https://x.com/TracTerrorism,https://x.com/TracTerrorism/status/2044766616131367375,"Baloch Liberation Army (#BLA) Takes Credit for Killing 29 Pakistani Army Personnel in 14 Attacks Across #Balochistan, #Pakistan
Read more: https://t.co/9VOG5ooXka https://t.co/CsEmLuM3Br",2026-04-16T13:15:25.000Z,,SUSPICIOUS,Terrorist organization taking credit for attacks on Pakistani military personnel.,2026-04-17T15:15:32.479340+00:00
2044730313335877997,BalochPulse,https://x.com/BalochPulse,https://x.com/BalochPulse/status/2044730313335877997,"BP Report:
A concerning pattern is emerging in Balochistan in early 2026—where armed Terrorist groups, particularly Baloch Liberation Army and Balochistan Liberation Front, are targeting local individuals.

Between January and April 2026, claims and reported incidents indicate https://t.co/qcJBQpGegS",2026-04-16T10:51:10.000Z,,SUSPICIOUS,Terrorist group promotion and amplification of their activities.,2026-04-17T15:15:32.479340+00:00
2045143775086084553,JawadYousufxai,https://x.com/JawadYousufxai,https://x.com/JawadYousufxai/status/2045143775086084553,"On 17 April 2026, a clash reported between armed motorcyclists and police in the Manghopir area of Karachi. During the exchange of fire, police personnel Khadim Ali Shah lost life &amp; other sustained injuries. Later, militant group Tehrik-i-Taliban Pakistan claimed responsibility. https://t.co/ONAOOSRbKc",2026-04-17T14:14:07.000Z,Peshawar,SUSPICIOUS,,2026-04-17T15:15:35.160072+00:00
2045135938834080031,W012TH,https://x.com/W012TH,https://x.com/W012TH/status/2045135938834080031,"@StancesScifi @jakerattlesnk I’m not shifting blame, I’m pointing out that complex conflicts usually have multiple causes over time. The Durand Line Agreement is part of the history, but present day violence also comes from modern political decisions and groups like Tehrik i Taliban Pakistan.",2026-04-17T13:42:59.000Z,,NORMAL,Reason: Historical context discussion without explicit support or glorification of TTP.,2026-04-17T15:15:35.160072+00:00
2045080171175104653,grok,https://x.com/grok,https://x.com/grok/status/2045080171175104653,"@nistar33776 @ConfusedAware @orenbarsky @ggreenwald Pakistan has dozens of active militant groups. The South Asian Terrorism Portal lists over 40 terrorist outfits operating there, including Islamist ones like Tehrik-i-Taliban Pakistan (TTP), Lashkar-e-Taiba, Jaish-e-Mohammed, and others. TTP was among the world's deadliest in",2026-04-17T10:01:23.000Z,wherever you are,SUSPICIOUS,Listing terrorist groups and their activities.,2026-04-17T15:15:35.160072+00:00
2045080053076132280,nistar33776,https://x.com/nistar33776,https://x.com/nistar33776/status/2045080053076132280,"@grok @ConfusedAware @orenbarsky @ggreenwald @Grok, how about the 20+ Islamic terrorist groups like Tehrik-i-Taliban Pakistan? Isn't #Pakistan ranked second to the #IRGC in #Iran in state sponsorship of terrorism?",2026-04-17T10:00:55.000Z,,SUSPICIOUS,,2026-04-17T15:15:35.160072+00:00
2045078976742244373,nistar33776,https://x.com/nistar33776,https://x.com/nistar33776/status/2045078976742244373,"@ConfusedAware @orenbarsky @ggreenwald Question: how would Pakistani lynch mobs, Tehrik-i-Taliban Pakistan terrorists, or those acid throwing Muslims in Karachi react to @ggreenwald and his boyfriend (his Brazilian husband died in 2023) toured #Pakistan. https://t.co/nOazBILFFh",2026-04-17T09:56:38.000Z,,SUSPICIOUS,Inciting violence against a specific group and referencing terrorist organizations.,2026-04-17T15:15:35.160072+00:00
2045072364648415603,Tracking_Live,https://x.com/Tracking_Live,https://x.com/Tracking_Live/status/2045072364648415603,"Special Unit Fighters of Tehrik-e-Taliban Pakistan ambushed Pak army operators.
March-April(No exact date ),2026; Khyber Pakhtunkhwa (North-Western Pakistan)
Operation Khyber 4. 
Source: Umar Media ( Affiliated with TTP)
In the footage, you can see the TTP operators using https://t.co/pqMbNwPZ2D",2026-04-17T09:30:21.000Z,India,SUSPICIOUS,TTP propaganda and support for terrorist activities.,2026-04-17T15:15:35.160072+00:00
2045051890959028704,TrishulxIN,https://x.com/TrishulxIN,https://x.com/TrishulxIN/status/2045051890959028704,"A clash was reported from Manghopir, Karachi, where a police personnel lost his life and two others were injured. The deceased has been identified as Ali Shah (pictured). The Tehrik-e-Taliban Pakistan has claimed responsibility for the attack. Pakistani officials have denied the https://t.co/KbqObvIK9X",2026-04-17T08:09:00.000Z,,SUSPICIOUS,,2026-04-17T15:15:35.160072+00:00
2045036338760626270,PeterAsterix,https://x.com/PeterAsterix,https://x.com/PeterAsterix/status/2045036338760626270,"On this day in 2009 in Hangu, Pakistan...
23 muslim soldiers blown to smithereens, seven policemen, ten security personnel and nine muslim civilians injured in suicide bomb attack by Infid...no wait...Tehrik-i-Taliban:
https://t.co/UySY4GsjeM
Muslims: Islam's prime victims...",2026-04-17T07:07:12.000Z,,SUSPICIOUS,,2026-04-17T15:15:35.160072+00:00
2044863066387702256,sialjanan,https://x.com/sialjanan,https://x.com/sialjanan/status/2044863066387702256,"@Muslima19386194 @doamuslims @ZahidDOAM “Because right now we are engaged in jihad against Pakistan. When we remove this oppressive military regime of Pakistan from its land and establish Tehrik-i-Taliban Pakistan in power, then the Emirate in Afghanistan will be transformed into a Caliphate. Pakistan will",2026-04-16T19:38:41.000Z,Afghanistan,SUSPICIOUS,,2026-04-17T15:15:35.160072+00:00
2045141205659562357,dhabidya63796,https://x.com/dhabidya63796,https://x.com/dhabidya63796/status/2045141205659562357,"#LoC 
Donald Trump may be coming to pakistan for Balochistan minarel deal. 
Within the next 48 to 72 hours, terrorists from Pakistan could launch an attack in Jammu and Kashmir. Alternatively, the Indian Army might carry out a targeted strike against Pakistani bases, leaving",2026-04-17T14:03:54.000Z,,SUSPICIOUS,,2026-04-17T15:15:37.875426+00:00
2044575888767938695,Shahje_,https://x.com/Shahje_,https://x.com/Shahje_/status/2044575888767938695,"@ABhat46858 Very different context, very different situation, I know some of you would like Pakistan to attack Iran but not going to happen.

Iran struck Jaish al-Adl (Sunni Baloch militant group) bases in Pakistan's Balochistan.

Pakistan retaliated by striking Balochistan Liberation Army",2026-04-16T00:37:32.000Z,london,SUSPICIOUS,"Support for BLA, a banned terrorist organization in Pakistan.",2026-04-17T15:15:37.875426+00:00
2044535441207022044,karimfranceschi,https://x.com/karimfranceschi,https://x.com/karimfranceschi/status/2044535441207022044,The Balochistan Liberation Army (BLA)’s new naval wing carries out its first reported boat drive‑by attack on a Pakistan Coast Guard patrol in Baloch waters. https://t.co/OVePIBdOzp,2026-04-15T21:56:49.000Z,Italy,SUSPICIOUS,"BLA's reported attack on Pakistan Coast Guard patrol in Baloch waters, promoting militant activities.",2026-04-17T15:15:37.875426+00:00
2044469474603287004,Iqbalmehree,https://x.com/Iqbalmehree,https://x.com/Iqbalmehree/status/2044469474603287004,"An IED attack targeted a Pakistan Army convoy, killing at least one soldier and injuring several others. Incident highlights ongoing militant activity in conflict-prone regions.

#PakistanArmy #Terrorism #SecurityUpdate #Balochistan #SouthAsia #BreakingNews #Defense https://t.co/TZw3aDvfc7",2026-04-15T17:34:41.000Z,PESHAWAR,SUSPICIOUS,Mention of IED attack and militant activity in Balochistan.,2026-04-17T15:15:37.875426+00:00
2044462830615990295,ChAjaysaharan,https://x.com/ChAjaysaharan,https://x.com/ChAjaysaharan/status/2044462830615990295,"BREKING 🚨

Baloch group BLA carried out an attack on #PakistanArmy post in Zamuran

They seem to have used drones in this attack.

Zamuran remains one of the most active flashpoints in the Balochistan insurgency

Official details from Pakistan Army/ISI on casualties or specific https://t.co/vGMkFK17Gt",2026-04-15T17:08:17.000Z,India,SUSPICIOUS,"Terrorist group BLA claimed responsibility for attack on Pakistan Army post, using drones.",2026-04-17T15:15:37.875426+00:00
2044365428336832621,LevinaNeythiri,https://x.com/LevinaNeythiri,https://x.com/LevinaNeythiri/status/2044365428336832621,"1/2
🔴Pakistan Army possibly plans to use LeT against Baloch groups❓ @NIA_India @FATFNews 

  #ISI sent Lashkar trt Faisal Nadeem (of Sindh) to meet Aqeel Ahmad Laghari (PMML Balochistan).

⚠️Faisal Nadeem may have sheltered SAJJAD GUL, mastermind of #Pulwama attack

Details in https://t.co/KsmoKpjMGx",2026-04-15T10:41:15.000Z,Roaming ... ,SUSPICIOUS,,2026-04-17T15:15:37.875426+00:00
2044157533770731977,mahtha_yas15091,https://x.com/mahtha_yas15091,https://x.com/mahtha_yas15091/status/2044157533770731977,“Balochistan Liberation Army (BLA) killed three Pakistan Coast Guard personnel in the first-ever attack on one of the maritime authority's patrol boats operating ​in the Arabian Sea”,2026-04-14T20:55:09.000Z,,NORMAL,Claim of a specific incident by a militant group.,2026-04-17T15:15:37.875426+00:00
2043970375445348726,PopularFront_,https://x.com/PopularFront_,https://x.com/PopularFront_/status/2043970375445348726,"🇵🇰 #Pakistan: The Balochistan Liberation Army has released footage of its attack on a Pakistani military boat in the waters of Jiwani, Gwadar, where three soldiers were killed. https://t.co/FrlP5Tdok6",2026-04-14T08:31:27.000Z,Worldwide,SUSPICIOUS,BLA propaganda and support for violent action.,2026-04-17T15:15:37.875426+00:00
2043947458645176607,TacticalGrid2,https://x.com/TacticalGrid2,https://x.com/TacticalGrid2/status/2043947458645176607,"The Baloch Liberation Army (BLA) has released video footage of its yesterday's attack near Gwadar in Balochistan claiming it as their first naval operation against Pakistan military.
#Pakistán #BLA #balochistan #Irán https://t.co/QnL8lPpkLd",2026-04-14T07:00:23.000Z,India,SUSPICIOUS,Claim of naval operation against Pakistan military by BLA.,2026-04-17T15:15:37.875426+00:00
2043799015855415385,monitor11616,https://x.com/monitor11616,https://x.com/monitor11616/status/2043799015855415385,"⚡️🇵🇰🇮🇷🇦🇫🇨🇳 Balochistan Liberation Army fighters killed three Pakistan Coast Guard personnel on Sunday in the first-ever attack on one of the maritime authority's patrol boats operating in the Arabian Sea. 

The banned separatist group Balochistan Liberation Army claimed https://t.co/jEpriJG750",2026-04-13T21:10:31.000Z,,SUSPICIOUS,BLA claim of responsibility for attack on Pakistan Coast Guard personnel.,2026-04-17T15:15:37.875426+00:00
2045117276156784820,omarfarooq33,https://x.com/omarfarooq33,https://x.com/omarfarooq33/status/2045117276156784820,"They faced abductions, violence, &amp; bullets, yet they refused to step back. Baloch women turned grief into resistance and pain into power. How will Pak subjugate &amp; defeat people who no longer fear oppression? #StopBalochGenocide @Deedagbaloch32 @BlouchNazir @baloch_ambreen https://t.co/RYb0rDbDjx",2026-04-17T12:28:49.000Z,,SUSPICIOUS,"Support for BLA/TTP, use of hashtag #StopBalochGenocide, reference to ""resistance"" and ""pain into power"".",2026-04-17T15:15:40.526002+00:00
2045105264396030104,ShanajAhmed8,https://x.com/ShanajAhmed8,https://x.com/ShanajAhmed8/status/2045105264396030104,"The #Baloch struggle is not a moment — it is a legacy of pain, resistance, and unbroken will. No force can erase it, no fear can silence it. The fight for justice &amp; independence will live on. 2/2
@Niaz_Zehri 
@MeerBaluch_",2026-04-17T11:41:05.000Z,"London, England",SUSPICIOUS,Support for BLA/TTP and Baloch independence movement.,2026-04-17T15:15:40.526002+00:00
2044757545407934860,omarfarooq33,https://x.com/omarfarooq33,https://x.com/omarfarooq33/status/2044757545407934860,"A young Baloch girl dancing is not just art, it’s quiet resistance. While oppression tries to silence voices, culture finds its way through rhythm, tradition, &amp; memory. Baloch aren’t just surviving, they’re preserving who they are
#SaveBalochistan @BlouchNazir @FoziaBaloch10 https://t.co/Krie3pL0Fu",2026-04-16T12:39:23.000Z,,SUSPICIOUS,Support for BLA/BLF ideology and call to action (#SaveBalochistan),2026-04-17T15:15:40.526002+00:00
2044750824044474684,mariajones0j,https://x.com/mariajones0j,https://x.com/mariajones0j/status/2044750824044474684,"The Baloch leader @saamibaluch is calling on the international community to intervene and bring justice to #Balochistan.
""The state is carrying out revenge acts to crush peaceful #Baloch resistance.""
#SaveBalochistan
@FDW_VB @KenRoth @BarryAndrewsMEP 1/ https://t.co/TH4ukCtpL6",2026-04-16T12:12:40.000Z,New South Wales,SUSPICIOUS,"Supports BLA leader and frames state actions as ""revenge"" against peaceful resistance.",2026-04-17T15:15:40.526002+00:00
2044748662945743062,jasmcv8,https://x.com/jasmcv8,https://x.com/jasmcv8/status/2044748662945743062,"""A slave has only one thing to lose: their chains."" 

The #Baloch are strong in their resistance and strong in their fight for human rights.
And this spirit is the guarantee of victory.
@Beebagr_Baluch https://t.co/abAm58enQu",2026-04-16T12:04:05.000Z,"Los Angeles, CA",SUSPICIOUS,Support for BLA/TTP ideology and resistance.,2026-04-17T15:15:40.526002+00:00
2044741745221444017,ImranJafarShah7,https://x.com/ImranJafarShah7,https://x.com/ImranJafarShah7/status/2044741745221444017,"#PakistanArmy’s Corps Commander asks why educated Baloch women turn to militancy—yet refuses to confront the obvious: state repression creates resistance. 1/2

@KiyyaBaloch @nadirbaluchs
https://t.co/7a7ZGUIFVF",2026-04-16T11:36:36.000Z,Canada,SUSPICIOUS,"Supports BLA and justifies militancy, implies state responsibility for resistance.",2026-04-17T15:15:40.526002+00:00
2044734362512736747,sbhmohsin,https://x.com/sbhmohsin,https://x.com/sbhmohsin/status/2044734362512736747,@Chiief030 @bazai_tania These are paid accounts to spread propaganda against resistance from Baloch women against enforced disappearnces.,2026-04-16T11:07:16.000Z,"Rawalpindi, Pakistan",SUSPICIOUS,"Support for BLA/TTP, reference to ""resistance"" implies militant activity.",2026-04-17T15:15:40.526002+00:00
2044624460230336528,SarkTheWill,https://x.com/SarkTheWill,https://x.com/SarkTheWill/status/2044624460230336528,"Every missing Baloch is a story of courage and resistance. Stop the injustice. Stop the disappearances. The world must hear the cries from Balochistan and act now.
#EndEnforcedDisappearances #Balochistan",2026-04-16T03:50:33.000Z,Jakarta,SUSPICIOUS,"Supports BLA/TTP narrative, uses emotive language to raise awareness about enforced disappearances in Balochistan.",2026-04-17T15:15:40.526002+00:00
2044429435466580209,Sarmachari1240,https://x.com/Sarmachari1240,https://x.com/Sarmachari1240/status/2044429435466580209,"@SagheerZaidi10 @Rukhsar987 @FaridaBaloch_ @imasbaloch @BalochWriters I am providing the reality but you and your Terrorist Army and it's Establishments are doing propaganda and misleading information by hypocrisy and sabotaging the right of Baloch Nation in Balochistan. 

Give rights to the people then you will have to resistance.",2026-04-15T14:55:35.000Z,"London, England",SUSPICIOUS,"Supports BLA, uses emotive language, and implies violence (""resistance"") against the state.",2026-04-17T15:15:40.526002+00:00
2044375358334460407,AdhikariDeo,https://x.com/AdhikariDeo,https://x.com/AdhikariDeo/status/2044375358334460407,"You can’t build billion-dollar projects on graves and expect silence. The Baloch resistance reached Washington because the world’s powers tied their interests to a region still bleeding. 1/2 
@MeerBaluch_ @World_Back1 
https://t.co/lNyD2wnlih",2026-04-15T11:20:42.000Z,,SUSPICIOUS,,2026-04-17T15:15:40.526002+00:00
2043753896120570175,grok,https://x.com/grok,https://x.com/grok/status/2043753896120570175,"@kartiksriniva12 @ShivrattanDhil1 @GabbbarSingh 1947: Pakistan-backed Pashtun tribesmen from Waziristan invaded Jammu and Kashmir on Oct 22, prompting Maharaja Hari Singh's accession to India and Indian military response.

1965: Pakistan launched Operation Gibraltar, infiltrating disguised forces into Indian Kashmir to spark",2026-04-13T18:11:14.000Z,wherever you are,SUSPICIOUS,Historical revisionism with potential to incite anti-Pakistani sentiment and glorify militant actions.,2026-04-17T15:15:43.175439+00:00
2044808617090535818,adam_krus,https://x.com/adam_krus,https://x.com/adam_krus/status/2044808617090535818,"official vessel at very short range. The action highlights the volatile nature of the Balochistan coast, where the separatist group has sought to expand its insurgency from mountainous terrain to strategic sea routes. The question among military analysts is whether the Pak Coast",2026-04-16T16:02:19.000Z,"Lodz, Poland",NORMAL,"Reason: Neutral, informative reporting on Balochistan's security situation.",2026-04-17T15:15:45.942561+00:00
2044736354068943287,Fatimabaloch967,https://x.com/Fatimabaloch967,https://x.com/Fatimabaloch967/status/2044736354068943287,"Indian proxies and separatist networks continue amplifying BLA and BLF narratives online. The aim is clear: create instability, discourage investment, and isolate Balochistan from progress. #Balochistan #Pakistan #RegionalStability",2026-04-16T11:15:10.000Z,Nushki balochistan,SUSPICIOUS,"Supports BLA and BLF narratives, aims to create instability and isolate Balochistan.",2026-04-17T15:15:45.942561+00:00
2044736113932403175,Fatimabaloch967,https://x.com/Fatimabaloch967,https://x.com/Fatimabaloch967/status/2044736113932403175,BNM promotes separatist narratives internationally while BLA and BLF enforce violence on ground. This parallel strategy of propaganda and militancy attempts to manufacture instability in Balochistan. #Balochistan #Pakistan #Peace,2026-04-16T11:14:13.000Z,Nushki balochistan,SUSPICIOUS,Supports separatist narratives and acknowledges BLA/BLF violence.,2026-04-17T15:15:45.942561+00:00
2044447144904699982,Amuj29Anuj,https://x.com/Amuj29Anuj,https://x.com/Amuj29Anuj/status/2044447144904699982,"@miryar_baloch ""Claims of Pakistani forces retreating from Balochistan. Interesting video, but these separatist narratives need verification amid ongoing regional tensions.""",2026-04-15T16:05:57.000Z,mumbai,NORMAL,Verification of separatist claims amidst regional tensions.,2026-04-17T15:15:45.942561+00:00
2044439675272827103,Fatimabaloch967,https://x.com/Fatimabaloch967,https://x.com/Fatimabaloch967/status/2044439675272827103,"Political groups like BNM continue to push separatist narratives internationally, while militant outfits like BLA and BLF attempt to enforce instability on ground. The people of Balochistan, however, continue to seek peace and progress. #Balochistan #Pakistan",2026-04-15T15:36:17.000Z,Nushki balochistan,NORMAL,Baloch nationalist group's narrative on peaceful resolution.,2026-04-17T15:15:45.942561+00:00
2044436506509550072,samanthaleaning,https://x.com/samanthaleaning,https://x.com/samanthaleaning/status/2044436506509550072,"Usual suspects responsible 

“Separatist group the ⁠Balochistan Liberation Army and the Islamist Tehrik-e-Taliban Pakistan claimed responsibility for the incidents in separate statements.” https://t.co/RDQP8A5J7K",2026-04-15T15:23:41.000Z,"Cambridge, England",SUSPICIOUS,,2026-04-17T15:15:45.942561+00:00
2044275100564820228,QueenQuratulAin,https://x.com/QueenQuratulAin,https://x.com/QueenQuratulAin/status/2044275100564820228,"@KiyyaBaloch After reading your response to Gen Naseem, can you answer following questions that every patriotic Pakistani has: 
1) Why Mahrang refers to a unified Balochistan that transcends the Pakistan-Iran border &amp; describes region as occupied territory, suggesting separatist sympathies?",2026-04-15T04:42:19.000Z,,SUSPICIOUS,Support for BLA/TTP ideology and separatist sympathies.,2026-04-17T15:15:45.942561+00:00
2044053643041923110,paknewsnow,https://x.com/paknewsnow,https://x.com/paknewsnow/status/2044053643041923110,"Three Coast Guards personnel killed in separatist attack in Pakistan’s Balochistan

Source: Arab News
#Pakistan

https://t.co/Ku4N4SVD2e",2026-04-14T14:02:19.000Z,Earth,SUSPICIOUS,"Separatist attack in Balochistan, potential BLA/TTP involvement.",2026-04-17T15:15:45.942561+00:00
2043966200028291476,704seth,https://x.com/704seth,https://x.com/704seth/status/2043966200028291476,"Security forces in Pakistan are “preparing for a further push from terrorist outfits in Balochistan” (Iran, Afghan, and China separatist proxies) due to the ongoing conflict.

https://t.co/M3jXdrYpwO",2026-04-14T08:14:51.000Z,"Raleigh, NC",SUSPICIOUS,Reason: Reference to separatist proxies and potential terrorist outfits in Balochistan.,2026-04-17T15:15:45.942561+00:00
2043799015855415385,monitor11616,https://x.com/monitor11616,https://x.com/monitor11616/status/2043799015855415385,"⚡️🇵🇰🇮🇷🇦🇫🇨🇳 Balochistan Liberation Army fighters killed three Pakistan Coast Guard personnel on Sunday in the first-ever attack on one of the maritime authority's patrol boats operating in the Arabian Sea. 

The banned separatist group Balochistan Liberation Army claimed https://t.co/jEpriJG750",2026-04-13T21:10:31.000Z,,SUSPICIOUS,BLA claim of responsibility for attack on Pakistan Coast Guard personnel.,2026-04-17T15:15:45.942561+00:00
2044854140342358141,grok,https://x.com/grok,https://x.com/grok/status/2044854140342358141,"@Eyedocduncan @Pontifex Islamic terrorism remains a leading global threat. The 2026 Global Terrorism Index reports 5,582 terrorism deaths in 2025 (down 28%), yet four jihadist groups—Islamic State (IS), JNIM, Tehrik-e-Taliban Pakistan, and al-Shabaab—accounted for 70% (3,869 deaths). IS was the",2026-04-16T19:03:13.000Z,wherever you are,NORMAL,"Mention of terrorist groups, but in a factual, neutral context.",2026-04-17T15:15:48.625943+00:00
2044760899228180896,Bharat1stforme,https://x.com/Bharat1stforme,https://x.com/Bharat1stforme/status/2044760899228180896,"@IranMediaorg Yes 

Terrorism, Terrorist state of Pakistan 🇵🇰, Terrorists Osama bin Laden

USA itself is are terrorists state who always fund n support terrorists n Pakistan, Khalistani terrorists, Pakistani terrorists.

USA is biggest threat to the humanity on earth",2026-04-16T12:52:42.000Z,,SUSPICIOUS,,2026-04-17T15:15:48.625943+00:00
2044759626428850259,Bharat1stforme,https://x.com/Bharat1stforme,https://x.com/Bharat1stforme/status/2044759626428850259,"@ohhanxiety Terrorism, Terrorist state of Pakistan 🇵🇰, Terrorists Osama bin Laden

USA itself is are terrorists state who always fund n support terrorists n Pakistan, Khalistani terrorists, Pakistani terrorists.

USA is biggest threat to the humanity on earth",2026-04-16T12:47:39.000Z,,SUSPICIOUS,"Supports TTP and BLA, uses derogatory term for Pakistan, and accuses the US of funding terrorism.",2026-04-17T15:15:48.625943+00:00
2044549757268627651,stablevortex,https://x.com/stablevortex,https://x.com/stablevortex/status/2044549757268627651,@KardaszJaz65634 @NewswirePatriot Heavy rests the head that wears the crown of global responsibility. I thought Iran was the largest global sponsor of terrorism. Trump settled 8 wars between 16 different countries by negotiation and threat of tariffs if they kept killing each other. Ask Pakistan and Ondia on the,2026-04-15T22:53:42.000Z,California,UNKNOWN,,2026-04-17T15:15:48.625943+00:00
2044326355089719755,zubair_fazil_0,https://x.com/zubair_fazil_0,https://x.com/zubair_fazil_0/status/2044326355089719755,"Pakistan remains a key frontline nation battling terrorism, taking strong and wide-ranging actions to counter this threat and defend its sovereignty. #Iran #Trump #Pakistan #StraitofHormuz #BariImam #TaylorSwift #BTS #China #JDVance #Lebanon #Israel",2026-04-15T08:05:59.000Z,,NORMAL,"Reason: Official statement from Pakistan's government, mentioning counter-terrorism efforts and sovereignty.",2026-04-17T15:15:48.625943+00:00
2044298456479740066,ZairaMirza1,https://x.com/ZairaMirza1,https://x.com/ZairaMirza1/status/2044298456479740066,"Once the same Pakistan's Defencs minister, Khawaja Asif says in National Assembly of #Pakistan:

“Muslim world has two enemies Hindustan (India) and Israel.”

Now he terms Israel as a cancer state.

But the real threat to the World's peace is ""Pakistan &amp; its sponsored terrorism"". https://t.co/xa8rsbgOjS",2026-04-15T06:15:07.000Z,,SUSPICIOUS,,2026-04-17T15:15:48.625943+00:00
2044107154349797555,MazahirBaigsuto,https://x.com/MazahirBaigsuto,https://x.com/MazahirBaigsuto/status/2044107154349797555,"Both India and lsreal motherland &amp; fatherland are terrorist states .
India export terrorism in Pakistan via BLA type proxies 
While fatherland is threat to world peace 🕊️ https://t.co/EMDBuimMqu",2026-04-14T17:34:57.000Z,living in islamabad from GB ,SUSPICIOUS,Support for BLA and anti-India and anti-Israel rhetoric.,2026-04-17T15:15:48.625943+00:00
2043974333496996241,azimi_hamz82258,https://x.com/azimi_hamz82258,https://x.com/azimi_hamz82258/status/2043974333496996241,Zero tolerance for terrorism is the foundation of lasting peace. The international community must stand united with Pakistan against this shared threat.,2026-04-14T08:47:10.000Z,,NORMAL,"Anti-terrorism statement, no specific reference to BLA/TTP.",2026-04-17T15:15:48.625943+00:00
2043950341914538335,The_aishwary_,https://x.com/The_aishwary_,https://x.com/The_aishwary_/status/2043950341914538335,"Shame on Pakistan, where even a harmless tribute to Asha Bhosle is treated like a national threat
Imagine being so insecure that songs become more dangerous than actual problems. Focus on improving your GDP, or dealing seriously with terrorism issues.

#AshaBhosle https://t.co/DvQzPuXdG9",2026-04-14T07:11:50.000Z,"Shrine, Skypia",NORMAL,"Anti-Pakistani sentiment, criticizing government's response to a cultural event.",2026-04-17T15:15:48.625943+00:00
2043911993300791685,electricabhi,https://x.com/electricabhi,https://x.com/electricabhi/status/2043911993300791685,"@GetiAra @IObservePeace Pakistan is not threat. Ok lol. Literally factory of terrorism. 
And china has issues with all countries it borders.
It's Pakistan and Bangladesh that has reducing minorities whereas india has increasing minority population.",2026-04-14T04:39:27.000Z,Mangoland,SUSPICIOUS,Promoting a negative stereotype about Pakistan and its treatment of minorities.,2026-04-17T15:15:48.625943+00:00
2045154598357197289,Ansariieth,https://x.com/Ansariieth,https://x.com/Ansariieth/status/2045154598357197289,"@lordpaplu @imrankhanCAE @StateBank_Pak Also the Whole Pakistan and its Media considered Pahalgam attack as act of terrorism 

but you guys were enjoying on you mainstream media when a Terrorist group BLA was killing civilians here in Pakistan 
Even hosted one of terrorist on your TV show",2026-04-17T14:57:08.000Z,,SUSPICIOUS,,2026-04-17T15:15:51.308221+00:00
2045066457868812661,Farhan_heree,https://x.com/Farhan_heree,https://x.com/Farhan_heree/status/2045066457868812661,@MDUmairKh So when BLA attack Pakistan coast guard first they come over to meet MD Umair khan to show them weapons are from bato and then they go and attack,2026-04-17T09:06:53.000Z,"Barnsley, England",SUSPICIOUS,,2026-04-17T15:15:51.308221+00:00
2045047181363892366,BB_NewzAgency,https://x.com/BB_NewzAgency,https://x.com/BB_NewzAgency/status/2045047181363892366,"#BREAKING Pakistani agencies issued alert for a potential Attack by TTP or BLA in occupied Gilgit Baltistan particularly targeting police installations , Government buildings
#Pakistan #pojk #ttp #bla #army #newsupdates",2026-04-17T07:50:17.000Z,India,SUSPICIOUS,Threat of attack by designated terrorist organizations.,2026-04-17T15:15:51.308221+00:00
2045023967170494809,MDUmairKh,https://x.com/MDUmairKh,https://x.com/MDUmairKh/status/2045023967170494809,"Not so long ago, American weapons were put on display by the T@liban, which NATO left behind.

These are the same weapons that the BLA used to attack the Pakistan Coast Guard recently.

When this stash is destroyed by PAF, Umah bros will start crying. https://t.co/Kb0e9vnvRA",2026-04-17T06:18:03.000Z,,SUSPICIOUS,Support for BLA and incitement to violence.,2026-04-17T15:15:51.308221+00:00
2045023428361818500,MDUmairKh,https://x.com/MDUmairKh,https://x.com/MDUmairKh/status/2045023428361818500,"Not so long ago, American weapons were put on display by the T@liban, which NATO left behind.

These are the same weapons that the BLA used to attack the Pakistan Coast Guard recently.

When this stash is destroyed by PAF, Umah bros start crying. https://t.co/0ylIEyFLq7",2026-04-17T06:15:54.000Z,,SUSPICIOUS,"Support for BLA, glorification of attack on Pakistan Coast Guard.",2026-04-17T15:15:51.308221+00:00
2044988932098843053,WorldBriefHD,https://x.com/WorldBriefHD,https://x.com/WorldBriefHD/status/2044988932098843053,"🚨 BREAKING: Reports say 7 Pakistani soldiers were killed in an attack in Balochistan, allegedly by the BLA

Situation remains tense. More details awaited.

#Pakistan #Balochistan #BreakingNews https://t.co/ZOwzhXjMKn",2026-04-17T03:58:50.000Z,,SUSPICIOUS,"Reports of BLA attack on Pakistani soldiers, promoting BLA's narrative.",2026-04-17T15:15:51.308221+00:00
2044973347768074457,WarFlash_2630,https://x.com/WarFlash_2630,https://x.com/WarFlash_2630/status/2044973347768074457,"🇵🇰:Wild footage 7 Pakistani soldier killed in an attack by BLA in Balochistan, Pakistan https://t.co/FcfgM2uh5p",2026-04-17T02:56:54.000Z,,SUSPICIOUS,"Supports BLA, promotes their activities.",2026-04-17T15:15:51.308221+00:00
2044860663902937522,SagheerZaidi10,https://x.com/SagheerZaidi10,https://x.com/SagheerZaidi10/status/2044860663902937522,"@nadirbaluchs @SabihaBaloch_ We build schools than BLA use it to take we see it in recent attack, who ever oppose Pakistan or do things against Pakistani people of any province is terriost this propagandist is end, we give scholarships IN UMT or other universities in Lahore and what they did join BLA",2026-04-16T19:29:08.000Z,,SUSPICIOUS,"Supports Pakistani narrative, but also subtly justifies violence against BLA, a designated terrorist organization.",2026-04-17T15:15:51.308221+00:00
2044835140397125888,NRkhan1350989,https://x.com/NRkhan1350989,https://x.com/NRkhan1350989/status/2044835140397125888,@FrontalForce I am from Afghanistan and yes India use Afghanistan and afghans to attack Pakistan I am against this  India fund BLA and TTP against Pakistan use Afghan soil,2026-04-16T17:47:43.000Z,,SUSPICIOUS,"Support for BLA and TTP, anti-Pakistan sentiment.",2026-04-17T15:15:51.308221+00:00
2044810980635627711,Pagancholo,https://x.com/Pagancholo,https://x.com/Pagancholo/status/2044810980635627711,"@groupsofgroups Life of Punjabi paki patwari

&gt; Born
&gt; Halala
&gt; SAed by Uncle basheer
&gt; load shedding
&gt; ISPR tip touching
&gt; Pakistan superpowr saar believe
&gt; married to uncle Basheer
&gt; have panic attacks thinking about BLA
&gt; found expired in a fidayeen attack",2026-04-16T16:11:43.000Z,India ,SUSPICIOUS,,2026-04-17T15:15:51.308221+00:00
2046099610364477948,BL_Rang,https://x.com/BL_Rang,https://x.com/BL_Rang/status/2046099610364477948,"Security forces neutralize Chiragh Baloch, a militant linked to BLA, in the Nawano area of Buleda.
He was wanted for target killings, extortion, and property destruction. Officials term it a key step toward restoring peace.
#Balochistan 
 #Buleda 
#Security 
 #Pakistan https://t.co/kclkadEhGs",2026-04-20T05:32:16.000Z,"Balochistan, Pakistan",NORMAL,"Reason: Official statement from security forces, mentioning a specific militant's neutralization and efforts to restore peace.",2026-04-20T06:10:43.854315+00:00
2046083826485809577,mahwashajaz_,https://x.com/mahwashajaz_,https://x.com/mahwashajaz_/status/2046083826485809577,"She was martyred. BLA attack in Balochistan. 

Aurat March and all the hotel-conference NGO types will never speak for her.

You know why. https://t.co/TSxwtudupC",2026-04-20T04:29:33.000Z,,SUSPICIOUS,,2026-04-20T06:10:43.854315+00:00
2046074299854053650,SolCoin69,https://x.com/SolCoin69,https://x.com/SolCoin69/status/2046074299854053650,@SanaYousafzai9 Free Balochistan. #BLA,2026-04-20T03:51:41.000Z,Hyperbolic Timechamber,SUSPICIOUS,,2026-04-20T06:10:43.854315+00:00
2046039566193491978,AlizeyKhan13844,https://x.com/AlizeyKhan13844,https://x.com/AlizeyKhan13844/status/2046039566193491978,"x🔴 Khudabadan Incident Exposes BLA’s Ruthless Violence:

🔹The growing brutality of BLA terrorists against the people of Balochistan once again exposes their true face as enemies of ordinary civilians, not protectors of any cause.

🔹Unable to face well-trained and fully.. https://t.co/JIVw33GE6P",2026-04-20T01:33:40.000Z,,SUSPICIOUS,"Reason: BLA propaganda, demonizing BLA as enemies of civilians, promoting a biased narrative.",2026-04-20T06:10:43.854315+00:00
2046039372387209505,meerchakar0087,https://x.com/meerchakar0087,https://x.com/meerchakar0087/status/2046039372387209505,"x🔴 Khudabadan Incident Exposes BLA’s Ruthless Violence:

🔹The growing brutality of BLA terrorists against the people of Balochistan once again exposes their true face as enemies of ordinary civilians, not protectors of any cause.

🔹Unable to face well-trained and fully.. https://t.co/CKe78kmWjw",2026-04-20T01:32:54.000Z,,SUSPICIOUS,"Anti-BLA rhetoric, labeling them as enemies of civilians, aligning with government's narrative.",2026-04-20T06:10:43.854315+00:00
2046039208754880683,kamalbugti0066,https://x.com/kamalbugti0066,https://x.com/kamalbugti0066/status/2046039208754880683,"x🔴 Khudabadan Incident Exposes BLA’s Ruthless Violence:

🔹The growing brutality of BLA terrorists against the people of Balochistan once again exposes their true face as enemies of ordinary civilians, not protectors of any cause.

🔹Unable to face well-trained and fully.. https://t.co/kXgQshGO1F",2026-04-20T01:32:15.000Z,,SUSPICIOUS,"Anti-BLA rhetoric, labeling them as enemies of civilians, aligning with government's narrative.",2026-04-20T06:10:43.854315+00:00
2046030336220692835,Abbasbugti52,https://x.com/Abbasbugti52,https://x.com/Abbasbugti52/status/2046030336220692835,"x🔴 Khudabadan Incident Exposes BLA’s Ruthless Violence:

🔹The growing brutality of BLA terrorists against the people of Balochistan once again exposes their true face as enemies of ordinary civilians, not protectors of any cause.

🔹Unable to face well-trained and fully https://t.co/ZCge7E961q",2026-04-20T00:57:00.000Z,"Balochistan, Pakistan",NORMAL,"Reason: Criticism of BLA's actions, no direct support or incitement to violence.",2026-04-20T06:10:43.854315+00:00
2046016445256183995,RaviCha17217172,https://x.com/RaviCha17217172,https://x.com/RaviCha17217172/status/2046016445256183995,"@PageBlank Pakistan has lost the Baloch region. Practically, a large part of this state is under the rule of BLA freedom fighters. They only need international recognition now. Will the West recognize this newly formed Balochistan country?",2026-04-20T00:01:48.000Z,,SUSPICIOUS,Support for BLA freedom fighters and recognition of a separate Balochistan country.,2026-04-20T06:10:43.854315+00:00
2046002944579907865,BintSarzameen,https://x.com/BintSarzameen,https://x.com/BintSarzameen/status/2046002944579907865,"Khuzdar, Balochistan.

In an attack by the Afghan Taliban and Indian backed BLA terrorists,  Lady Constable Malik Naz and Head Constable Samiullah were martyred, while Additional SHO Ibrahim and Constable Najeeb-ur-Rehman sustained injuries. https://t.co/007BrW8zuN",2026-04-19T23:08:09.000Z,"Balochistan, Pakistan",SUSPICIOUS,Support for BLA and reference to Indian backing.,2026-04-20T06:10:43.854315+00:00
2045977671402934686,PakDefence_,https://x.com/PakDefence_,https://x.com/PakDefence_/status/2045977671402934686,"Khuzdar, Balochistan.

In an attack by the Afghan Taliban and Indian backed BLA terrorists,  Lady Constable Malik Naz and Head Constable Samiullah were martyred, while Additional SHO Ibrahim and Constable Najeeb-ur-Rehman sustained injuries.

Martyred Lady Constable Malik Naz had https://t.co/TfKvnVQOHv",2026-04-19T21:27:43.000Z,"Islamabad, Pakistan",SUSPICIOUS,Support for BLA and reference to Indian backing.,2026-04-20T06:10:43.854315+00:00
2046108942397518184,EngrKHJ,https://x.com/EngrKHJ,https://x.com/EngrKHJ/status/2046108942397518184,"""India, Israel, BLA &amp; The TTP &amp; TTA:
Unpacking the complex web of regional influence. 🕸️
Aisha Ghazi breaks down the 'miscalculations' &amp; the strategic position of Pakistan in this evolving scenario. 
#GlobalAffairs #Pakistan #Geopolitics #RegionalPower #StrategicAnalysis
#شگوفے https://t.co/Q3wnshuCt7",2026-04-20T06:09:21.000Z,Pakistan,SUSPICIOUS,"Reason: Explicit mention of BLA and TTP, both designated terrorist organizations, alongside India and Israel, suggesting a pro-terrorist stance.",2026-04-20T06:10:46.528821+00:00
2046103173518295465,SaafSach,https://x.com/SaafSach,https://x.com/SaafSach/status/2046103173518295465,"@BalochDiaries Its simple. All the CIA/ISI proxies like BLA, TTP etc. etc. are activated when it suits the US or Pakistan establishment. This is a tool to steal funds from national resources in both countries. Their source of finance and arms/ammunition is the same. Makes the Generals rich.",2026-04-20T05:46:25.000Z,"London, England",SUSPICIOUS,Support for BLA/TTP and anti-Pakistani establishment sentiment.,2026-04-20T06:10:46.528821+00:00
2046098537469898857,Pashtunistan,https://x.com/Pashtunistan,https://x.com/Pashtunistan/status/2046098537469898857,@Zeyad_jehani Thats why we are fighting and our Jihad Shell continue until we are free. Zindabad Ttp 💪 murdabad Murtad army of Pakistan,2026-04-20T05:28:00.000Z,"Gilgit POK, Pakistan",SUSPICIOUS,"Support for BLA/TTP, incitement to violence.",2026-04-20T06:10:46.528821+00:00
2046089133119189226,flyingbirdmn,https://x.com/flyingbirdmn,https://x.com/flyingbirdmn/status/2046089133119189226,"@FrontalForce I hope you will feel the heat of fire which are you fanning against Pakistan, 
Listen proxies or insurgents don't have legitimate father. They are dictated by those who paid them most. 
TTP and AQIS are serious threat for South Asia. You should accept the reality",2026-04-20T04:50:38.000Z,,SUSPICIOUS,Threats and incitement to violence against a specific individual.,2026-04-20T06:10:46.528821+00:00
2046070495045730529,EagleClaw786,https://x.com/EagleClaw786,https://x.com/EagleClaw786/status/2046070495045730529,"Zabihullah Mujahid’s statement suggests that tensions with Pakistan are deliberate rather than accidental. His praise of the media signals coordinated narrative and support, which analysts see as part of a broader strategy involving TTP and proxy pressure.
#Taliban https://t.co/laJpzfDq2C",2026-04-20T03:36:34.000Z,,SUSPICIOUS,Support for TTP and coordination with media.,2026-04-20T06:10:46.528821+00:00
2046061380252381473,halima_ramazani,https://x.com/halima_ramazani,https://x.com/halima_ramazani/status/2046061380252381473,"@Jan_Achakzai @Samurai19801 We, the indigenous people of Afghanistan, are against terrorism! It is late, but Pakistan will realise it with heavy consequences. The Afghans (Pashtuns) are claiming the Durand Line while relying on the TTP and other growing terrorists in the country, including Al-Qaeda. https://t.co/umzFIYmHPS",2026-04-20T03:00:21.000Z,Earth,SUSPICIOUS,"Reason: Threats against Pakistan, support for anti-Pakistan stance, and reference to TTP and Al-Qaeda.",2026-04-20T06:10:46.528821+00:00
2046057311534281022,kabulsignal,https://x.com/kabulsignal,https://x.com/kabulsignal/status/2046057311534281022,"Pakistan Taliban relations after 2021 are shifting fast.

TTP activity, border tensions, and changing priorities are turning influence into pressure.

Full analysis:
https://t.co/O3y5RJ5JIS

#Pakistan #Taliban #Afghanistan #Geopolitics",2026-04-20T02:44:11.000Z,"Ottawa, Ontario",SUSPICIOUS,,2026-04-20T06:10:46.528821+00:00
2046054189411795209,RaiReportMedia,https://x.com/RaiReportMedia,https://x.com/RaiReportMedia/status/2046054189411795209,@IamMaqsood Pakistan will deal with the TTP after the US-Iran mediation is over.,2026-04-20T02:31:47.000Z,🇵🇰 • 🇹🇷 • 🇸🇦 • 🇦🇪,NORMAL,"Reason: Statement about diplomatic process, no incitement to violence.",2026-04-20T06:10:46.528821+00:00
2046046711869780020,fnakhi,https://x.com/fnakhi,https://x.com/fnakhi/status/2046046711869780020,"@ShamilaGhyas I'm pretty sure the IRGC also hates Israel. Thing is, they do not have the muscle or technology to take over Israel, so they have chosen the soft targets that will basically disturb global economy &amp; finance.

This tactic is also used in Pakistan by the TTP &amp; BLA. It's interesting",2026-04-20T02:02:04.000Z,,SUSPICIOUS,"Expressing admiration for the IRGC's tactics and drawing a parallel with BLA and TTP, both designated terrorist organizations.",2026-04-20T06:10:46.528821+00:00
2045947661581185261,ApexRELAY,https://x.com/ApexRELAY,https://x.com/ApexRELAY/status/2045947661581185261,@WarFlash_2630 The West needs to arm Balochistan Liberation Army in exchange for fighting against the Iranian regime,2026-04-19T19:28:29.000Z,,SUSPICIOUS,"Support for BLA, advocating for external military support against a neighboring country.",2026-04-20T06:10:49.167625+00:00
2045933050337607736,sanjoychakra,https://x.com/sanjoychakra,https://x.com/sanjoychakra/status/2045933050337607736,"@realMaalouf The Balochs are giving Pakistan a bloody nose.   

Baloch Liberation Army (BLA) attack on Pakistani Army convoy in Balochistan. 
From @WarFlash_2630 https://t.co/GMp5TzEM99",2026-04-19T18:30:25.000Z,,SUSPICIOUS,"Support for BLA, glorification of violence against Pakistani Army.",2026-04-20T06:10:49.167625+00:00
2045932766018302116,sanjoychakra,https://x.com/sanjoychakra,https://x.com/sanjoychakra/status/2045932766018302116,"@MeghUpdates The Balochs are giving Pakistan a bloody nose.   

Baloch Liberation Army (BLA) attack on Pakistani Army convoy in Balochistan. 
From @WarFlash_2630 https://t.co/iVqrCBvUz6",2026-04-19T18:29:17.000Z,,SUSPICIOUS,"Supports BLA, promotes violence against Pakistani Army.",2026-04-20T06:10:49.167625+00:00
2045932511113671117,sanjoychakra,https://x.com/sanjoychakra,https://x.com/sanjoychakra/status/2045932511113671117,"@NewsAlgebraIND The Balochs are giving Pakistan a bloody nose.   

Baloch Liberation Army (BLA) attack on Pakistani Army convoy in Balochistan. 
From @WarFlash_2630 https://t.co/8qqAtj1aEL",2026-04-19T18:28:16.000Z,,SUSPICIOUS,"Support for BLA, glorification of violence against Pakistani Army.",2026-04-20T06:10:49.167625+00:00
2045930731525046764,sanjoychakra,https://x.com/sanjoychakra,https://x.com/sanjoychakra/status/2045930731525046764,"The Balochs are giving Pakistan a bloody nose. 

Baloch Liberation Army (BLA) attack on Pakistani Army convoy in Balochistan.
From @WarFlash_2630 https://t.co/37TXAn63cI",2026-04-19T18:21:12.000Z,,SUSPICIOUS,Reason: Promoting BLA and glorifying their attack on Pakistani Army.,2026-04-20T06:10:49.167625+00:00
2045903849744138645,baburbadmash,https://x.com/baburbadmash,https://x.com/baburbadmash/status/2045903849744138645,Baloch Liberation Army (BLA) attack on Pakistani Army convoy in Balochistan https://t.co/qhde6min1r,2026-04-19T16:34:23.000Z,Jammu ,SUSPICIOUS,Support for BLA action.,2026-04-20T06:10:49.167625+00:00
2045892825909522568,useragentmi16,https://x.com/useragentmi16,https://x.com/useragentmi16/status/2045892825909522568,"In March 2025, reports emerged of a deadly clash between Islamic State Khorasan Province (ISKP) and the Balochistan Liberation Army (BLA).
But I wanted to verify: did this actually happen, and where exactly? 2/n",2026-04-19T15:50:35.000Z,,SUSPICIOUS,"Reason: Unclear and unverified claim of a clash between ISKP and BLA, potential propaganda or disinformation.",2026-04-20T06:10:49.167625+00:00
2045881710949368294,BalochPulse,https://x.com/BalochPulse,https://x.com/BalochPulse/status/2045881710949368294,"Bulida Balochistan update.

Security forces conducted a counter-terrorism (CT) operation against militants of the banned Balochistan Liberation Army in the Nawanu area of Bulida district, Balochistan, on April 18, 2026.
According to security sources, the operation targeted https://t.co/Nq4voNkRdT",2026-04-19T15:06:25.000Z,,NORMAL,"Reason: Official security operation against a banned militant group, no incitement to violence.",2026-04-20T06:10:49.167625+00:00
2045877801857720380,Mrgunsngear,https://x.com/Mrgunsngear,https://x.com/Mrgunsngear/status/2045877801857720380,"Reportedly footage of the BLA (Balochistan Liberation Army) ambushing the Pakistani coast guard while they were conducting a patrol.

Plan accordingly...

#pakistan #pirates #balochistan #islam #Sindh #FAH 
#afghanistan #M16A4 #kalashlife 

#بلۏچستانآجوییءلشکر https://t.co/zQJzhaObKJ",2026-04-19T14:50:53.000Z,Florida / Carolina ,SUSPICIOUS,"Support for BLA, promotion of violent activity.",2026-04-20T06:10:49.167625+00:00
2046070597629718570,grok,https://x.com/grok,https://x.com/grok/status/2046070597629718570,"@dcheeseater @Islam435 **Islam.**

Per the Global Terrorism Index 2026, the four deadliest groups in 2025 (Islamic State, JNIM, Tehrik-e-Taliban Pakistan, and al-Shabaab) caused 70% of all terrorism deaths. All four are Sunni Islamist/jihadist organizations that explicitly declare Islam as their",2026-04-20T03:36:59.000Z,wherever you are,SUSPICIOUS,Reason: Explicit mention of BLA/TTP and promotion of their ideology.,2026-04-20T06:10:51.837591+00:00
2045986637641904431,grok,https://x.com/grok,https://x.com/grok/status/2045986637641904431,"@theLeoPardox @AhmedAIobeidi @ryangrim According to the Global Terrorism Index 2026 (covering 2025 data), the deadliest terrorist organizations by fatalities were:

1. Islamic State (IS) – Sunni Islamist 
2. JNIM – Sunni Islamist (al-Qaeda affiliate) 
3. Tehrik-e-Taliban Pakistan (TTP) – Sunni Islamist 
4. al-Shabaab",2026-04-19T22:03:21.000Z,wherever you are,SUSPICIOUS,"Reason: Prominent listing of TTP, a designated terrorist organization in Pakistan.",2026-04-20T06:10:51.837591+00:00
2045858557640470619,GarudEyeIntel,https://x.com/GarudEyeIntel,https://x.com/GarudEyeIntel/status/2045858557640470619,"Fresh visuals coming out of Peshawar show militants from Tehrik-i-Taliban Pakistan launching an attack on Pakistani security forces. The fighters appear equipped with M4A1 carbine rifles fitted with thermal optics, alongside AKM-type weapons, pointing to a concerning level of https://t.co/e1WGB1F4N4",2026-04-19T13:34:25.000Z,,SUSPICIOUS,Reason: Promoting TTP activities and providing details on militant equipment.,2026-04-20T06:10:51.837591+00:00
2045849731784745306,BalochPulse,https://x.com/BalochPulse,https://x.com/BalochPulse/status/2045849731784745306,"TTP Commander Reportedly Killed in Internal Clash in Karak

Saiful Umar, the Tashkeel Commander of Karak district for Tehrik-e-Taliban Pakistan (TTP), has reportedly been killed in an incident of internal infighting, according to local sources.

Initial reports suggest that he https://t.co/HgNHIjoLyx",2026-04-19T12:59:20.000Z,,NORMAL,"Reason: Report of internal TTP infighting, no explicit threat or support for the group.",2026-04-20T06:10:51.837591+00:00
2045845631693132160,TrishulxIN,https://x.com/TrishulxIN,https://x.com/TrishulxIN/status/2045845631693132160,"Fresh footage from Pakistan: Tehrik-e #Taliban Pakistan (#TTP) militants attacked Pakistani Forces in #Peshawar.
Militants appear armed with #USA-made  M4A1 carbines with thermal scopes along with AKM-pattern rifles. https://t.co/GSlPom1kZT",2026-04-19T12:43:03.000Z,,SUSPICIOUS,"Reason: Promoting TTP, providing details of their military capabilities and equipment.",2026-04-20T06:10:51.837591+00:00
2045733914283581589,harishj12,https://x.com/harishj12,https://x.com/harishj12/status/2045733914283581589,"@PrincessOfKashi @Kewrious @the_kerala_girl He is talking about an IED, so I asked him to explain it.
ISIS
Al-Qaeda and affiliates
Boko Haram
Al-Shabaab
Lashkar-e-Taiba
Jaish-e-Mohammed
Tehrik-i-Taliban Pakistan
Abu Sayyaf Group
Jemaah Islamiyah

He himself said that IED means Muslim, so he knows the truth about what",2026-04-19T05:19:07.000Z,,SUSPICIOUS,,2026-04-20T06:10:51.837591+00:00
2045725655573434838,harishj12,https://x.com/harishj12,https://x.com/harishj12/status/2045725655573434838,"@Kewrious @the_kerala_girl Can you explain what they are? 
ISIS
Al-Qaeda and affiliates
Boko Haram
Al-Shabaab
Lashkar-e-Taiba
Jaish-e-Mohammed
Tehrik-i-Taliban Pakistan
Abu Sayyaf Group
Jemaah Islamiyah
There are many more like them.",2026-04-19T04:46:18.000Z,,SUSPICIOUS,"Listing various terrorist organizations, including those designated by US as terrorist entities.",2026-04-20T06:10:51.837591+00:00
2045622401325486279,grok,https://x.com/grok,https://x.com/grok/status/2045622401325486279,"@gabrsinghAU @ChathamHouse Pakistan hosts dozens of designated terrorist organizations per U.S., UN, and Indian lists—including Lashkar-e-Taiba, Jaish-e-Mohammed, and Tehrik-e-Taliban Pakistan—many of which have conducted attacks in India. The 2026 Global Terrorism Index ranks Pakistan #1 worldwide for",2026-04-18T21:56:00.000Z,wherever you are,SUSPICIOUS,"Reason: Reference to designated terrorist organizations and their attacks, aligning with international designations and reports.",2026-04-20T06:10:51.837591+00:00
2045579030552797654,war_noir,https://x.com/war_noir,https://x.com/war_noir/status/2045579030552797654,"#Pakistan 🇵🇰: Tehrik-e #Taliban Pakistan (#TTP) militants ambushed Pakistani Army convoy in Khyber Pakhtunkhwa.

One of the TTP militants is notably armed with an SVD “Dragunov” / Type 85 Designated Marksman Rifle. https://t.co/CPeI4roaVm",2026-04-18T19:03:40.000Z,,SUSPICIOUS,Reason: Promotion of TTP and display of specific terrorist group's capabilities.,2026-04-20T06:10:51.837591+00:00
2045547880338096523,DaNiDel94594165,https://x.com/DaNiDel94594165,https://x.com/DaNiDel94594165/status/2045547880338096523,"#Pakistan 🇵🇰: Tehrik-e #Taliban Pakistan (#TTP) carried out an RPG attack on Pakistani Forces in #MirAli, Khyber Pakhtunkhwa.

📌
Militants notably used an RPG-7 Launcher with #China-made 🇨🇳 82mm DK-82 / Type 65 rocket (recoilless gun ammo modified to be fired from RPG Launcher). https://t.co/rDsdYaEOpD",2026-04-18T16:59:53.000Z,,SUSPICIOUS,,2026-04-20T06:10:51.837591+00:00
2045933050337607736,sanjoychakra,https://x.com/sanjoychakra,https://x.com/sanjoychakra/status/2045933050337607736,"@realMaalouf The Balochs are giving Pakistan a bloody nose.   

Baloch Liberation Army (BLA) attack on Pakistani Army convoy in Balochistan. 
From @WarFlash_2630 https://t.co/GMp5TzEM99",2026-04-19T18:30:25.000Z,,SUSPICIOUS,"Support for BLA, glorification of violence against Pakistani Army.",2026-04-20T06:10:54.503574+00:00
2045932766018302116,sanjoychakra,https://x.com/sanjoychakra,https://x.com/sanjoychakra/status/2045932766018302116,"@MeghUpdates The Balochs are giving Pakistan a bloody nose.   

Baloch Liberation Army (BLA) attack on Pakistani Army convoy in Balochistan. 
From @WarFlash_2630 https://t.co/iVqrCBvUz6",2026-04-19T18:29:17.000Z,,SUSPICIOUS,"Support for BLA, promotion of violence, and glorification of attack on Pakistani Army.",2026-04-20T06:10:54.503574+00:00
2045932511113671117,sanjoychakra,https://x.com/sanjoychakra,https://x.com/sanjoychakra/status/2045932511113671117,"@NewsAlgebraIND The Balochs are giving Pakistan a bloody nose.   

Baloch Liberation Army (BLA) attack on Pakistani Army convoy in Balochistan. 
From @WarFlash_2630 https://t.co/8qqAtj1aEL",2026-04-19T18:28:16.000Z,,SUSPICIOUS,"Support for BLA, glorification of violence against Pakistani Army.",2026-04-20T06:10:54.503574+00:00
2045930731525046764,sanjoychakra,https://x.com/sanjoychakra,https://x.com/sanjoychakra/status/2045930731525046764,"The Balochs are giving Pakistan a bloody nose. 

Baloch Liberation Army (BLA) attack on Pakistani Army convoy in Balochistan.
From @WarFlash_2630 https://t.co/37TXAn63cI",2026-04-19T18:21:12.000Z,,SUSPICIOUS,Reason: Promoting BLA and glorifying their attack on Pakistani Army.,2026-04-20T06:10:54.503574+00:00
2045829761742893063,BB_NewzAgency,https://x.com/BB_NewzAgency,https://x.com/BB_NewzAgency/status/2045829761742893063,"Fierce clashes still ongoing in Dasht, Kund Mussoorie, BLA continue to attack Pakistani army camps from different directions.
#BLA #balochistan #pakistan
#attack",2026-04-19T11:39:59.000Z,India,SUSPICIOUS,,2026-04-20T06:10:54.503574+00:00
2045828478994727152,BB_NewzAgency,https://x.com/BB_NewzAgency,https://x.com/BB_NewzAgency/status/2045828478994727152,"#BREAKING Mastung: Huge clash  erupts between Pakistani army and local fighters  in Dasht-e Kambela, clashes continue between forces and  resistors.
#pakistan #balochistan #attack",2026-04-19T11:34:53.000Z,India,SUSPICIOUS,"Reason: Promoting conflict, using emotive language (""huge clash"", ""resistors"") and ambiguous terminology (""local fighters"", ""resistors"")",2026-04-20T06:10:54.503574+00:00
2045558906148286914,Ethanyoung77,https://x.com/Ethanyoung77,https://x.com/Ethanyoung77/status/2045558906148286914,"@SheyxAhmed @closetedpe @chillysamosay @konishkonnie Hafeez Saeed and Masood Azhar take the responsibility of terrorist attack in India 

They are guests of your army! 

That’s why India attacks 
Only reason.

Balochistan doesn’t want to be with Pakistan and Pakistan has killed lakhs of Balochis 

So who’s wrong?",2026-04-18T17:43:42.000Z,,SUSPICIOUS,,2026-04-20T06:10:54.503574+00:00
2045941758169923841,QandeelBalxen,https://x.com/QandeelBalxen,https://x.com/QandeelBalxen/status/2045941758169923841,"In the darkest chapters of history, the state’s brutality against the Baloch people has reached its peak. Every day, innocent Baloch sons are tortured and killed in fake encounters.Their unburied bodies do not rot in silence — they become the fragrance of resistance.
#Balochistan https://t.co/zfK2bIr4lP",2026-04-19T19:05:01.000Z,Occupied Balochistan ,SUSPICIOUS,Incitement to violence and glorification of resistance against the state.,2026-04-20T06:10:57.199454+00:00
2045923722587218332,AlihamedBa99829,https://x.com/AlihamedBa99829,https://x.com/AlihamedBa99829/status/2045923722587218332,"#Mustang:CIlashes between #Baloch resistance fighters in the plainsand Pakistani forces-#SP Saryab #RahmatullahKhelji, 9 personnel killed while several Wounded. https://t.co/EDksh2NJoT",2026-04-19T17:53:21.000Z,,SUSPICIOUS,,2026-04-20T06:10:57.199454+00:00
2045907832784957603,Mehrullah63,https://x.com/Mehrullah63,https://x.com/Mehrullah63/status/2045907832784957603,"Baloch have always been the victim of Enforced Disappearances and in lists of Missing Persons. The faces, numbers are not just statistical data. The numbers are people who ask for voice, resistance.
#ReleaseWahidKareemBaksh
#StopBalochGenocide
#EndEnforcedDisappearances https://t.co/bwDGhdroz0",2026-04-19T16:50:13.000Z,,SUSPICIOUS,"Supports BLA/TTP narrative, uses hashtags that are sympathetic to Baloch separatist movement.",2026-04-20T06:10:57.199454+00:00
2045907253417402739,Noroz_Balouch80,https://x.com/Noroz_Balouch80,https://x.com/Noroz_Balouch80/status/2045907253417402739,"Baloch have always been the victim of Enforced Disappearances and in lists of Missing Persons. The faces, numbers are not just statistical data. The numbers are people who ask for voice, resistance.
#ReleaseWahidKareemBaksh
#StopBalochGenocide
#EndEnforcedDisappearances https://t.co/vxp6AVqii8",2026-04-19T16:47:54.000Z,,SUSPICIOUS,"Supports BLA/TTP narrative, uses hashtags that are sympathetic to Baloch separatist movement.",2026-04-20T06:10:57.199454+00:00
2045904078098878710,Wahid_Kareem12,https://x.com/Wahid_Kareem12,https://x.com/Wahid_Kareem12/status/2045904078098878710,"Baloch have always been the victim of Enforced Disappearances and in lists of Missing Persons. The faces, numbers are not just statistical data. The numbers are people who ask for voice, resistance.
#ReleaseWahidKareemBaksh
#StopBalochGenocide
#EndEnforcedDisappearances https://t.co/NsINOQxk17",2026-04-19T16:35:17.000Z,,SUSPICIOUS,"Supports BLA/TTP narrative, uses hashtags that are sympathetic to Baloch separatist movement.",2026-04-20T06:10:57.199454+00:00
2045864425140134057,Sajidal58106146,https://x.com/Sajidal58106146,https://x.com/Sajidal58106146/status/2045864425140134057,"@soulat_pasha I disagree on this Pasha saib, war is not in the interest of Turkey and Pak. Kurds of Iran will try to join kurd of Iraq and turkey and a few years later Turkey will be in a civil war. Also US,Israel pro govt in Iran will help the Baloch resistance forces in Balochistan.",2026-04-19T13:57:43.000Z,"London, England",SUSPICIOUS,Support for BLA (Balochistan Liberation Army) and incitement to violence against Turkey.,2026-04-20T06:10:57.199454+00:00
2045839975586087332,ShanajAhmed8,https://x.com/ShanajAhmed8,https://x.com/ShanajAhmed8/status/2045839975586087332,"From midnight raids to abductions in broad daylight, lives are erased without accountability. Entire families wait for years without answers. Yet despite it all, the voice of Baloch resistance will never be silenced.
2/2

@b51833638 @Sarawaan1 @KenRoth",2026-04-19T12:20:34.000Z,"London, England",SUSPICIOUS,"Reason: Promoting Baloch resistance, implying grievances against Pakistan.",2026-04-20T06:10:57.199454+00:00
2045837612837904666,saadahumar33,https://x.com/saadahumar33,https://x.com/saadahumar33/status/2045837612837904666,"Even under pressure,even under fear,Baloch continue to speak.That is what makes their struggle extraordinary. It isn’t just resistance;it’s resilience against Pak that wants silence.Greta Thunberg highlighting Balochistan is effective
#SaveBalochistan @Deedagbaloch32 @AzaadBalach https://t.co/md0nRv590k",2026-04-19T12:11:11.000Z,,SUSPICIOUS,Reason: Support for BLA/TTP through hashtags and reference to a known activist.,2026-04-20T06:10:57.199454+00:00
2045833649824661566,jasmcv8,https://x.com/jasmcv8,https://x.com/jasmcv8/status/2045833649824661566,"From young girls to mothers, every woman in #Balochistan stands with #MahrangBaloch.
She carries the spirit of our resistance.
You can arrest one, and thousands more will march on the roads of #Balochistan.
Mahrang Baloch is a thought you cannot cage.
#ReleaseMahrangBaloch @hrw https://t.co/hYUPRr7Gth",2026-04-19T11:55:26.000Z,"Los Angeles, CA",SUSPICIOUS,Incitement to violence and support for BLA/TTP ideology.,2026-04-20T06:10:57.199454+00:00
2045783117643080099,QandeelBalxen,https://x.com/QandeelBalxen,https://x.com/QandeelBalxen/status/2045783117643080099,"Pakistani forces have intensified their brutal campaign of abductions and extrajudicial killings against innocent Baloch civilians. As oppression reaches its peak,silence is no longer an option. This is the moment for fearless,united,and relentless resistance.
#StopBalochGenocide https://t.co/CDn6CFJLQF",2026-04-19T08:34:38.000Z,Occupied Balochistan ,SUSPICIOUS,"Reason: Direct call to resistance and use of hashtag #StopBalochGenocide, which may be a rallying cry for BLA/TTP supporters.",2026-04-20T06:10:57.199454+00:00
2045654690030096537,NakipGazi,https://x.com/NakipGazi,https://x.com/NakipGazi/status/2045654690030096537,"@POTUS Trump, you should arm Separatist and Resistance Groups in Ahwaz, Southern Azerbaijan, Kurdistan İran and Balochistan to liberate them from Iranian Occupation. 
Then, you can invade them easily! https://t.co/SyMbGoNjPb",2026-04-19T00:04:19.000Z,"İstanbul, Türkiye",SUSPICIOUS,,2026-04-20T06:11:02.516933+00:00
2045485908917391579,rational_islam,https://x.com/rational_islam,https://x.com/rational_islam/status/2045485908917391579,"the same India 🇮🇳 having multiple separatist organizations, is supporting and funding Balochistan Liberation Army BLA and other groups in Pakistan 🇵🇰 trying to break us... https://t.co/D2QL04zLpQ",2026-04-18T12:53:38.000Z,"Lahore, Pakistan.",SUSPICIOUS,,2026-04-20T06:11:02.516933+00:00
2045903179611549947,shambhav15,https://x.com/shambhav15,https://x.com/shambhav15/status/2045903179611549947,"So, Modi’s primary electoral opponent, had kept India an impoverished Third World nightmare for 65 years

Whose favorite past time is giving Pakistan a Thai massage with happy ending

Who believes Hindus are a bigger threat to the nation than Islamic terrorism

Who believe that https://t.co/ueDiBbGSli",2026-04-19T16:31:43.000Z,Mr. Worldwide,SUSPICIOUS,,2026-04-20T06:11:05.148498+00:00
2045903005162016959,shambhav15,https://x.com/shambhav15,https://x.com/shambhav15/status/2045903005162016959,"So, Modi’s primary electoral opponent, which had kept the country an impoverished Third World nightmare for 65 years

Whose favorite past time is giving Pakistan a Thai massage with happy ending

Who believes Hindus are a bigger threat to the nation than Islamic terrorism

Who https://t.co/V3WxKYebkk",2026-04-19T16:31:02.000Z,Mr. Worldwide,SUSPICIOUS,,2026-04-20T06:11:05.148498+00:00
2045857408002773285,UsanasF,https://x.com/UsanasF,https://x.com/UsanasF/status/2045857408002773285,"#Kashmir’s #radicalization didn’t grow overnight—it slipped through the cracks. Are #intelligence loopholes enabling the #threat? A critical assessment you can’t ignore.
#Terrorism #Pakistan #India #intelligence 
Read here
https://t.co/xWI9WmIIbP",2026-04-19T13:29:50.000Z,India,NORMAL,"Reason: Article appears to be a neutral, informative piece discussing the issue of Kashmir's radicalization and the role of intelligence loopholes, without promoting or supporting terrorism.",2026-04-20T06:11:05.148498+00:00
2045854366402552055,gegenpress123,https://x.com/gegenpress123,https://x.com/gegenpress123/status/2045854366402552055,"@NakliPathan @kamaalrkhan How Delusional you Katwas are Seriously.
Pakistan is A Living Hub of Terrorism.
Global Terrorists have been found there.
Bin Laden, Dawood , Masoor Azhar.
Entire Pakistani Dispensation and State is a Threat to Global World Order.",2026-04-19T13:17:45.000Z,,SUSPICIOUS,Incitement to violence and hate speech against Pakistan and its people.,2026-04-20T06:11:05.148498+00:00
2045682358901452922,SamVedYoGa,https://x.com/SamVedYoGa,https://x.com/SamVedYoGa/status/2045682358901452922,"@ChathamHouse Pakistan should pay the price of sponsoring training and doing terrorism ! India NOT GOING TO RESTORE IWT! 

You expect us to give water to a radical Islamist terrorist country who threat daily to nuke us? 

Go F yourself!",2026-04-19T01:54:15.000Z,Bharat,SUSPICIOUS,,2026-04-20T06:11:05.148498+00:00
2045596546281124161,Aaronsatoshii,https://x.com/Aaronsatoshii,https://x.com/Aaronsatoshii/status/2045596546281124161,"@GordonGChang The US itself is a terrorism sponsoring state. It creates global insurgencies and is a constant threat to Global Peace and well being. Compared to it, Pakistan is just a regional sponsor of terrorism. https://t.co/F79JKGQ96r",2026-04-18T20:13:16.000Z,"इंद्रासन ,अमरावती, स्वर्ग ",SUSPICIOUS,Reason: Threats against a foreign government (US) and comparison of Pakistan to a terrorism sponsor.,2026-04-20T06:11:05.148498+00:00
2045577186711871711,ChalDillMery,https://x.com/ChalDillMery,https://x.com/ChalDillMery/status/2045577186711871711,"@thewirepak Are you sane?   Perhaps you should keep your mouth shut. 
India is an existential threat to Pakistan.  

Such a low level tweet, Pakistan Zindabad and Indian Empathisers murdabad. Don't poke your nose into completely unrelated matter. India martyrs our soldiers using terrorism.",2026-04-18T18:56:20.000Z,,SUSPICIOUS,,2026-04-20T06:11:05.148498+00:00
2045544793904980401,miss_mughal1,https://x.com/miss_mughal1,https://x.com/miss_mughal1/status/2045544793904980401,The use of Afghan soil for orchestrating terrorism against Pakistan is a serious concern. Reports of women being trained and sent back for such activities highlight a dangerous and evolving threat. Groups like BLA and BLF must be held accountable for destabilizing the region. https://t.co/cX6WQ7kr08,2026-04-18T16:47:37.000Z,,SUSPICIOUS,,2026-04-20T06:11:05.148498+00:00
2045436836823327020,naaz_mahar,https://x.com/naaz_mahar,https://x.com/naaz_mahar/status/2045436836823327020,"The #attack was claimed by The Resistance Front, widely seen as a proxy of Lashkar-e-Taiba (#LeT) — once again underlining the persistent #threat of #Pakistan-backed #terrorism. https://t.co/ZXLFS2D2O4",2026-04-18T09:38:38.000Z,"Jammu, Jammu & Kashmir, India",SUSPICIOUS,Support for BLA/TTP and incitement to violence.,2026-04-20T06:11:05.148498+00:00
2045378756391678179,8AM_Media,https://x.com/8AM_Media,https://x.com/8AM_Media/status/2045378756391678179,"Pakistan’s Special Representative for Afghanistan Highlights Terrorism Threat to Region and Beyond in Meeting with Polish Ambassador 

Read More: https://t.co/FeqTcFzqrL 

#Afghanistan #Taliban #Pakistan #8am_media",2026-04-18T05:47:51.000Z,Worldwide,SUSPICIOUS,"Reason: Reference to Taliban, terrorism threat, and potential regional impact.",2026-04-20T06:11:05.148498+00:00
2045933050337607736,sanjoychakra,https://x.com/sanjoychakra,https://x.com/sanjoychakra/status/2045933050337607736,"@realMaalouf The Balochs are giving Pakistan a bloody nose.   

Baloch Liberation Army (BLA) attack on Pakistani Army convoy in Balochistan. 
From @WarFlash_2630 https://t.co/GMp5TzEM99",2026-04-19T18:30:25.000Z,,SUSPICIOUS,"Support for BLA, glorification of violence against Pakistani Army.",2026-04-20T06:11:07.863033+00:00
2045932766018302116,sanjoychakra,https://x.com/sanjoychakra,https://x.com/sanjoychakra/status/2045932766018302116,"@MeghUpdates The Balochs are giving Pakistan a bloody nose.   

Baloch Liberation Army (BLA) attack on Pakistani Army convoy in Balochistan. 
From @WarFlash_2630 https://t.co/iVqrCBvUz6",2026-04-19T18:29:17.000Z,,SUSPICIOUS,"Support for BLA, glorification of violence against Pakistani Army.",2026-04-20T06:11:07.863033+00:00
2045932511113671117,sanjoychakra,https://x.com/sanjoychakra,https://x.com/sanjoychakra/status/2045932511113671117,"@NewsAlgebraIND The Balochs are giving Pakistan a bloody nose.   

Baloch Liberation Army (BLA) attack on Pakistani Army convoy in Balochistan. 
From @WarFlash_2630 https://t.co/8qqAtj1aEL",2026-04-19T18:28:16.000Z,,SUSPICIOUS,"Support for BLA, promotion of violent action against Pakistani Army.",2026-04-20T06:11:07.863033+00:00
2045930731525046764,sanjoychakra,https://x.com/sanjoychakra,https://x.com/sanjoychakra/status/2045930731525046764,"The Balochs are giving Pakistan a bloody nose. 

Baloch Liberation Army (BLA) attack on Pakistani Army convoy in Balochistan.
From @WarFlash_2630 https://t.co/37TXAn63cI",2026-04-19T18:21:12.000Z,,SUSPICIOUS,"Reason: Promoting BLA's attack on Pakistani Army, indicating support for separatist militant group.",2026-04-20T06:11:07.863033+00:00
2045869232458813810,BB_NewzAgency,https://x.com/BB_NewzAgency,https://x.com/BB_NewzAgency/status/2045869232458813810,"#BREAKING Armed Man Attacked Pakistani Forces Vehicle At DUGARI-CROSS,QUETTA 
Reportedly Two Army Personals were Killed .
The attack occurs when the personals are patrolling to provide security to the Train
#Pakistan #BLA #attack #Updates",2026-04-19T14:16:50.000Z,India,SUSPICIOUS,,2026-04-20T06:11:07.863033+00:00
2045829761742893063,BB_NewzAgency,https://x.com/BB_NewzAgency,https://x.com/BB_NewzAgency/status/2045829761742893063,"Fierce clashes still ongoing in Dasht, Kund Mussoorie, BLA continue to attack Pakistani army camps from different directions.
#BLA #balochistan #pakistan
#attack",2026-04-19T11:39:59.000Z,India,SUSPICIOUS,,2026-04-20T06:11:07.863033+00:00
2045604496030478646,Wakii16,https://x.com/Wakii16,https://x.com/Wakii16/status/2045604496030478646,"@CtrlAltSecured Why the hell do we blame afghanistan EVERY tome theres an attack in pakistan? This has to stop. This is exactly what indians do to us. We cannot blame afghanistan for out own failings. We have many enemies, indian, israeli, bla etc cant always blame afghanistan",2026-04-18T20:44:52.000Z,,SUSPICIOUS,Reason: Support for BLA (Balochistan Liberation Army) and anti-Pakistani sentiment.,2026-04-20T06:11:07.863033+00:00
2045546400562176126,BANXRPLNEWS,https://x.com/BANXRPLNEWS,https://x.com/BANXRPLNEWS/status/2045546400562176126,"LATEST ARTICLE: BLA LAUNCHES FIRST-EVER ATTACK ON PAKISTAN COAST GUARD BOAT NEAR IRAN BORDER, THREE KILLED

**This article was brought to you by XRP ledger decentralized media powered by BXE token. Become an author and earn now.

#BXE
https://t.co/Y6DotiKIUA",2026-04-18T16:54:00.000Z,metaverse,SUSPICIOUS,"Reason: BLA attack mentioned, promoting their activities.",2026-04-20T06:11:07.863033+00:00
2045508490052137385,rimshav99913,https://x.com/rimshav99913,https://x.com/rimshav99913/status/2045508490052137385,"BLA and BLF are using Afghanistan to train women for terror attacks in Pakistan, as revealed in Quetta. This misuse of women for suicide bombings is a direct attack on Baloch culture and Islam. The perpetrators hide behind the guise of social rights. https://t.co/EsyaqTa1tX",2026-04-18T14:23:22.000Z,,SUSPICIOUS,"Supports BLA/BLF, mentions terror attacks and suicide bombings.",2026-04-20T06:11:07.863033+00:00
2045308774601146672,adnansarwar555,https://x.com/adnansarwar555,https://x.com/adnansarwar555/status/2045308774601146672,"Pakistan army should be alert on border because BLA AND TTP WANT TO ATTACK AT SAME TIME IN KPK AND BLOCHISTAN ON ARMY 
Is that ture they getting weapons from Punjab 
The way of work is change now first weapon go Punjab in small amount but continues and then go In blochistan 
Now",2026-04-18T01:09:46.000Z,,SUSPICIOUS,,2026-04-20T06:11:07.863033+00:00
2046110918547771562,RajpotSumara,https://x.com/RajpotSumara,https://x.com/RajpotSumara/status/2046110918547771562,"FC Balochistan (S) responded swiftly and effectively, eliminating two terrorists in a strong counter-operation.  🔹 During the operation, four more terrorists were also injured.  #دہشتگرد_بلوچستان_کے_دشمن #Balochistan #BLA https://t.co/bpA8Q5p1tF",2026-04-20T06:17:12.000Z,Bahawalphure,NORMAL,"Reason: Official statement from security forces, no incitement or support for terrorism.",2026-04-20T06:20:04.570897+00:00
2046109301308039647,GulzaadBaloch,https://x.com/GulzaadBaloch,https://x.com/GulzaadBaloch/status/2046109301308039647,"Buleda Operation: Terrorist Linked to BLA EliminatedIn Nawano, Buleda, security forces eliminated Chiragh Baloch, a wanted militant involved in target killings, extortion,
#Buleda
#Balochistan
#SecurityOperation
#CounterTerrorism
#PeaceAndStability https://t.co/4ZlAcWi2jq",2026-04-20T06:10:46.000Z,"Balochistan, Pakistan",SUSPICIOUS,"Reason: Acknowledges BLA involvement in target killings and extortion, implying support for the organization.",2026-04-20T06:20:04.570897+00:00
2046111666996461974,AzadBalocch,https://x.com/AzadBalocch,https://x.com/AzadBalocch/status/2046111666996461974,#BreakingNews Baloch Liberation Army attack on Pakistani Army convoy in Balochistan. #Happy420 #europhia #BANGCHELLA #KAROLCHELLA https://t.co/MzAKDF4tl7,2026-04-20T06:20:10.000Z,,SUSPICIOUS,,2026-04-20T06:21:23.152611+00:00
